,cities,cloudiness,humidity,max_temp,wind_speed,country,date,longitude,latitude
0,hermanus,12,87,64,8.99,ZA,1553309153,19.24,-34.42
1,belushya guba,,,,,,,,
2,abong mbang,48,93,68.81,3.18,CM,1553310224,13.18,3.98
3,busselton,0,33,69.01,13.24,AU,1553309716,115.35,-33.64
4,rawson,56,53,61.52,10,AR,1553309871,-65.11,-43.3
5,georgetown,0,88,75.2,4.7,GY,1553306400,-58.16,6.8
6,punta arenas,75,87,50,12.75,CL,1553310189,-70.91,-53.16
7,hobart,75,46,73.4,11.41,AU,1553309656,147.33,-42.88
8,palm beach,0,48,88,6.93,AU,1553310225,151.32,-33.6
9,barentsburg,,,,,,,,
10,bredasdorp,24,87,64,4.7,ZA,1553310046,20.04,-34.53
11,kortkeros,40,100,28.4,2.24,RU,1553308200,51.56,61.81
12,khatanga,12,79,-12.56,9.66,RU,1553310226,102.47,71.98
13,port hardy,90,50,55.4,14.99,CA,1553306400,-127.42,50.7
14,ilulissat,0,43,-9.41,6.93,GL,1553305800,-51.1,69.22
15,rikitea,88,100,78.35,18.84,PF,1553309771,-134.97,-23.12
16,port alfred,68,96,64.99,1.01,ZA,1553309456,26.89,-33.59
17,umm kaddadah,0,23,65.12,5.3,SD,1553309866,26.69,13.6
18,padang,20,74,84.2,1.12,ID,1553306400,100.36,-0.92
19,illoqqortoormiut,,,,,,,,
20,mar del plata,88,70,60.44,14.36,AR,1553309807,-67.52,-46.43
21,jalu,0,89,57.11,5.41,LY,1553310227,21.55,29.03
22,chuy,36,89,62.15,7.09,UY,1553310227,-53.46,-33.69
23,bilma,0,12,72.59,12.24,NE,1553310228,12.92,18.69
24,katsuura,75,46,50,11.41,JP,1553309621,134.5,33.93
25,pizarro,0,95,76.73,1.95,CO,1553310228,-77.37,4.95
26,padre bernardo,,,,,,,,
27,sitka,88,96,45,10,US,1553310023,-99.65,37.17
28,mys shmidta,,,,,,,,
29,kaitangata,24,83,64.85,8.99,NZ,1553310229,169.85,-46.28
30,sentyabrskiy,,,,,,,,
31,port elizabeth,1,52,43,19.46,US,1553309715,-74.98,39.31
32,dinuba,1,62,64.4,5.82,US,1553310146,-119.39,36.54
33,mount gambier,75,60,73.4,17.22,AU,1553306400,140.78,-37.83
34,ust-kamchatsk,,,,,,,,
35,atuona,32,99,82.58,15.82,PF,1553310230,-139.03,-9.8
36,torbay,90,80,39,24.16,CA,1553310213,-52.73,47.66
37,kungurtug,0,46,26.15,2.28,RU,1553310231,97.53,50.6
38,baykit,76,80,25.07,10.67,RU,1553309820,96.39,61.68
39,mataura,64,48,76.82,5.19,NZ,1553309768,168.86,-46.19
40,taolanaro,,,,,,,,
41,balabac,0,97,83.12,11.01,PH,1553310231,117.06,7.99
42,chapais,20,67,17.6,16.11,CA,1553306400,-74.86,49.78
43,hue,75,78,80.6,4.7,VN,1553308200,107.58,16.47
44,guerrero negro,0,75,59.63,13.35,MX,1553310232,-114.04,27.97
45,summerside,90,100,43,13.87,CA,1553310167,-63.79,46.39
46,fortuna,75,66,59,2.24,ES,1553309164,-1.13,38.18
47,barrow,0,65,60.98,12.57,AR,1553310232,-60.23,-38.31
48,halalo,,,,,,,,
49,adrar,0,41,57.2,6.93,DZ,1553306400,-0.29,27.87
50,vaini,0,33,80.6,4.18,IN,1553306400,74.49,15.34
51,dakoro,8,22,76.64,12.46,NE,1553310233,6.76,14.51
52,meulaboh,20,100,82.67,4.07,ID,1553310234,96.13,4.14
53,bluefields,0,65,76.28,5.97,NI,1553310234,-83.77,12.01
54,cidreira,56,99,63.5,10.67,BR,1553310234,-50.22,-30.17
55,butaritari,88,100,77.18,2.62,KI,1553310234,172.79,3.07
56,longyearbyen,75,79,23,4.7,NO,1553305800,15.63,78.22
57,port hedland,40,78,82.4,21.92,AU,1553309220,118.58,-20.31
58,upata,8,54,79.61,10.67,VE,1553310235,-62.41,8.02
59,ushuaia,90,93,46.4,5.82,AR,1553306400,-68.31,-54.81
60,vila franca do campo,75,87,59,6.93,PT,1553309815,-25.43,37.72
61,cape town,0,82,70,11.41,ZA,1553309766,18.42,-33.93
62,codrington,0,55,90,11.41,AU,1553309706,153.24,-28.95
63,albany,90,86,37,18.34,US,1553309765,-73.75,42.65
64,asfi,,,,,,,,
65,chokurdakh,0,85,-2.75,8.99,RU,1553309812,147.9,70.62
66,cartagena,0,62,59,11.41,ES,1553309164,-1,37.63
67,tsihombe,,,,,,,,
68,hovd,75,93,42.01,17.22,NO,1553309701,10.7,63.83
69,san patricio,0,83,61.25,2.73,PY,1553310236,-56.83,-26.98
70,urfa,,,,,,,,
71,qaanaaq,20,92,-29.57,9.33,GL,1553309540,-69.36,77.48
72,yushan,0,54,62.01,2.24,CN,1553310089,118.49,31.68
73,saleaula,,,,,,,,
74,lorengau,44,97,83.48,10,PG,1553309855,147.27,-2.02
75,sao filipe,44,100,69.35,14.14,CV,1553310237,-24.5,14.9
76,pacific grove,75,93,57.99,3.29,US,1553309825,-121.92,36.62
77,agadez,32,26,69.89,7.2,NE,1553310238,7.99,16.97
78,carnarvon,56,67,49.46,3.51,ZA,1553310239,22.13,-30.97
79,vlore,0,96,58.82,0.94,AL,1553310239,19.49,40.47
80,kavaratti,0,100,83.75,9.66,IN,1553309841,72.64,10.57
81,nanortalik,48,96,31.82,29.46,GL,1553309828,-45.24,60.14
82,jamestown,100,67,73.22,12.91,AU,1553309536,138.6,-33.21
83,bayangol,0,37,40.55,10.22,MN,1553310240,106.09,48.91
84,elizabeth city,1,56,48.99,17.72,US,1553309952,-76.22,36.3
85,barcelos,0,81,55,2.24,PT,1553310175,-8.62,41.53
86,areia branca,40,83,77,3.36,BR,1553310000,-37.31,-10.76
87,uspenka,80,90,30.02,12.01,UA,1553310241,39.16,48.39
88,olafsvik,,,,,,,,
89,college,75,48,48.2,8.05,US,1553309127,-147.8,64.86
90,talaya,0,73,30.99,6.71,RU,1553309430,84.89,55.79
91,attawapiskat,,,,,,,,
92,nikolskoye,0,79,30.99,4.47,RU,1553309735,30.79,59.7
93,inderborskiy,,,,,,,,
94,grand river south east,,,,,,,,
95,hornepayne,0,79,9.86,2.51,CA,1553310242,-84.78,49.22
96,zhigansk,68,72,12.2,10.67,RU,1553309708,123.37,66.77
97,karaton,20,66,86,12.75,ID,1553310211,106.1,-6.34
98,erdemli,,,,,,,,
99,khandyga,0,51,4.55,3.4,RU,1553310243,135.58,62.65
100,piacabucu,0,93,77.72,8.77,BR,1553310243,-36.43,-10.41
101,samusu,,,,,,,,
102,yumen,32,48,39.92,2.84,CN,1553310244,97.04,40.29
103,salalah,40,74,78.8,9.17,OM,1553305800,54.1,17.01
104,ahipara,68,73,73.04,5.08,NZ,1553310244,173.16,-35.17
105,da lat,8,68,77.72,2.84,VN,1553310033,108.44,11.95
106,beringovskiy,76,90,7.43,29.01,RU,1553310245,179.32,63.05
107,kapaa,40,65,80.6,20.8,US,1553309893,-159.32,22.08
108,hokitika,0,93,65.48,4.63,NZ,1553310245,170.96,-42.72
109,sabang,48,77,82.58,8.99,PH,1553310245,123.58,13.72
110,biograd na moru,0,80,53.01,1.12,HR,1553310053,15.45,43.94
111,sola,75,81,44.01,10.29,NO,1553309704,5.65,58.89
112,salinas,75,93,57.99,3.29,US,1553310214,-121.66,36.67
113,tasiilaq,68,50,8.6,5.82,GL,1553305800,-37.64,65.61
114,tabou,24,100,82.31,10.45,CI,1553310247,-7.36,4.42
115,nantucket,90,91,42.8,25.28,US,1553309720,-70.1,41.28
116,karnobat,0,75,44.01,9.17,BG,1553310012,26.98,42.65
117,souillac,0,65,46.4,3.36,FR,1553310190,-0.6,45.6
118,varkaus,0,58,30.99,4.7,FI,1553310005,27.87,62.32
119,yerbogachen,80,71,24.98,10.67,RU,1553309664,108.01,61.28
120,agirish,12,82,21.29,2.73,RU,1553309868,63.02,61.92
121,altay,0,55,19.13,2.73,CN,1553310248,88.13,47.83
122,pevek,0,76,-3.38,2.62,RU,1553309783,170.27,69.7
123,ponta do sol,92,94,64.58,10.45,BR,1553310249,-46,-20.63
124,korla,,,,,,,,
125,te anau,24,48,71.51,3.62,NZ,1553310249,167.72,-45.41
126,mahebourg,75,88,80.6,5.82,MU,1553310240,57.7,-20.41
127,talnakh,0,66,-0.86,3.74,RU,1553309838,88.39,69.49
128,bengkulu,,,,,,,,
129,tuktoyaktuk,75,77,-2.21,14.99,CA,1553306400,-133.03,69.44
130,thayetmyo,0,55,85.37,4.18,MM,1553310250,95.18,19.32
131,kayseri,0,79,28.4,2.24,TR,1553307600,35.48,38.73
132,verkhnevilyuysk,76,87,22.55,3.62,RU,1553310250,120.31,63.45
133,pangnirtung,32,54,-19.4,5.75,CA,1553309866,-65.72,66.15
134,port lincoln,88,81,71.51,8.21,AU,1553310251,135.86,-34.72
135,dongsheng,92,82,54.5,4.63,CN,1553310251,112.52,29.72
136,jiaozuo,0,22,50.45,4.74,CN,1553310251,113.25,35.21
137,shingu,40,37,51.8,11.41,JP,1553306400,135.99,33.72
138,dwarka,0,59,80.01,8.05,IN,1553309108,77.04,28.58
139,paamiut,8,100,19.85,23.87,GL,1553310252,-49.67,61.99
140,ribeira grande,92,99,60.8,12.68,PT,1553309782,-28.7,38.52
141,faya,0,51,60.8,6.93,SA,1553306400,42.45,18.39
142,mareeba,80,74,87.8,9.17,AU,1553309679,145.42,-16.99
143,new norfolk,75,46,73.4,11.41,AU,1553309776,147.06,-42.78
144,saint george,0,81,42.8,4.7,GR,1553305800,22.34,39.45
145,opuwo,80,51,70.07,1.39,NA,1553310253,13.84,-18.06
146,phangnga,20,55,89.6,9.17,TH,1553308200,98.53,8.45
147,namatanai,24,100,83.03,0.6,PG,1553310253,152.44,-3.66
148,lavumisa,92,100,69.8,2.51,ZA,1553306400,31.88,-27.31
149,lazaro cardenas,75,10,71.6,8.05,MX,1553305560,-105.62,28.39
150,kodiak,1,16,54,8.05,US,1553310205,-94.76,39.95
151,srednekolymsk,8,63,17.33,4.52,RU,1553310254,153.71,67.46
152,saint-philippe,90,93,37.4,16.11,CA,1553310218,-73.48,45.36
153,benalla,40,60,79,5.82,AU,1553310105,145.99,-36.55
154,mehamn,88,87,31.91,20.96,NO,1553310255,27.85,71.03
155,hualmay,0,91,67.28,4.29,PE,1553309697,-77.61,-11.1
156,bethel,40,70,42.8,12.75,US,1553306160,-161.76,60.79
157,hemnesberget,92,93,37,5.99,NO,1553310018,13.61,66.23
158,namuac,0,85,80.6,7.31,PH,1553310256,121.17,18.61
159,centerville,90,81,44.6,5.82,US,1553310252,-111.87,40.92
160,lebu,20,59,62.6,6.93,ET,1553306400,38.73,8.96
161,yar-sale,76,89,20.75,9.1,RU,1553310257,70.83,66.83
162,arraial do cabo,75,78,73.4,4.7,BR,1553306400,-42.02,-22.97
163,cayenne,75,78,80.6,9.17,GF,1553308200,-52.33,4.94
164,okhotsk,56,76,28.4,3.4,RU,1553309680,143.24,59.36
165,san pedro,0,78,59,3.06,AR,1553309776,-59.66,-33.68
166,sumbawa,,,,,,,,
167,iqaluit,75,61,-20.01,2.24,CA,1553308962,-68.52,63.75
168,puerto ayora,0,93,79,1.99,EC,1553309114,-90.35,-0.74
169,riyadh,0,55,62.6,3.36,SA,1553306400,46.72,24.63
170,ndele,,,,,,,,
171,thompson,40,55,39.2,4.7,CA,1553306400,-97.86,55.74
172,harper,90,52,68,5.82,US,1553310235,-99.24,30.3
173,castro,90,100,53.6,10.29,CL,1553306400,-73.76,-42.48
174,naze,40,100,75.2,6.53,NG,1553306400,7.07,5.43
175,portland,90,76,53.6,2.73,US,1553310026,-122.67,45.52
176,farsund,0,93,43,11.99,NO,1553310065,6.8,58.09
177,stade,90,100,45,9.17,DE,1553310251,9.48,53.6
178,bambous virieux,75,88,80.6,5.82,MU,1553310240,57.76,-20.34
179,northam,75,93,48.99,11.68,GB,1553309729,-4.21,51.04
180,port hawkesbury,90,100,44.01,11.41,CA,1553310253,-61.36,45.62
181,cherskiy,0,68,7.43,2.95,RU,1553309777,161.3,68.75
182,itarema,44,100,74.21,2.17,BR,1553310263,-39.92,-2.92
183,hammerfest,75,86,33.8,24.16,NO,1553307600,23.68,70.66
184,limoux,0,86,52,3.36,FR,1553310259,2.22,43.05
185,yellowknife,75,68,28.4,9.17,CA,1553309993,-114.38,62.45
186,burnie,92,93,63,8.01,AU,1553309644,145.91,-41.05
187,unai,88,95,69.26,3.62,BR,1553310265,-46.91,-16.36
188,hilo,90,64,75.2,14.99,US,1553310261,-155.08,19.71
189,tiksi,12,70,12.74,4.41,RU,1553309800,128.87,71.64
190,cabedelo,20,88,80.6,3.36,BR,1553306400,-34.84,-6.97
191,sangar,68,60,6.98,13.35,RU,1553310266,127.47,63.92
192,maghama,,,,,,,,
193,nizhneyansk,,,,,,,,
194,jati,24,46,72.86,5.64,PK,1553310266,68.27,24.35
195,calbuco,90,100,57.2,9.17,CL,1553306400,-73.13,-41.77
196,camacari,75,88,80.6,4.7,BR,1553310000,-38.32,-12.7
197,katete,8,82,56.84,2.73,UG,1553310267,29.75,-0.78
198,sacalum,5,56,73.4,6.93,MX,1553310111,-89.59,20.5
199,kloulklubed,75,66,86,11.41,PW,1553305800,134.26,7.04
200,alenquer,75,94,78.8,4.7,BR,1553306400,-54.74,-1.95
201,praia da vitoria,40,82,60.8,19.39,PT,1553310012,-27.07,38.73
202,herouville-saint-clair,90,93,43,2.73,FR,1553310118,-0.31,49.21
203,urziceni,0,86,48.99,4.7,RO,1553310120,26.63,44.72
204,vaitupu,,,,,,,,
205,joensuu,0,73,26.6,5.82,FI,1553310126,29.76,62.6
206,chase,1,74,28.99,6.93,US,1553310205,-85.64,43.89
207,moose factory,1,84,1.4,3.36,CA,1553306400,-80.61,51.26
208,sharjah,0,50,78.01,8.05,AE,1553309654,55.39,25.36
209,dikson,64,100,1.04,19.06,RU,1553310270,80.55,73.51
210,rudbar,,,,,,,,
211,knysna,75,93,59,2.24,ZA,1553307240,23.05,-34.04
212,uenohara,75,70,48.99,8.05,JP,1553310236,139.09,35.63
213,los llanos de aridane,90,59,64.4,16.11,ES,1553310019,-17.92,28.66
214,kirovskiy,68,68,27.5,3.4,RU,1553310271,133.51,45.09
215,yanam,20,73,77,5.82,IN,1553308200,82.22,16.73
216,payson,90,90,44.01,8.05,US,1553310248,-111.73,40.04
217,ancud,90,100,53.6,10.29,CL,1553306400,-73.83,-41.87
218,vestmannaeyjar,0,92,36.95,30.91,IS,1553310272,-20.27,63.44
219,avarua,100,78,82.4,6.93,CK,1553308200,-159.78,-21.21
220,mangrol,0,32,71.42,6.42,IN,1553310272,76.51,25.33
221,sturgeon falls,20,61,18,20.8,CA,1553310016,-79.93,46.36
222,wilmington,90,56,42.01,20.8,US,1553310208,-75.55,39.75
223,ramsar,40,93,48.2,2.73,IR,1553306400,50.64,36.92
224,richards bay,80,99,67.1,2.17,ZA,1553310273,32.06,-28.77
225,junnar,0,51,75.47,3.06,IN,1553310273,73.88,19.21
226,susaki,75,32,54,6.93,JP,1553309551,133.28,33.42
227,sinegorye,48,75,7.16,2.84,RU,1553310274,150.53,62.09
228,ghanzi,0,37,73.04,13.24,BW,1553310253,21.65,-21.7
229,saskylakh,36,85,-2.93,17.05,RU,1553310274,114.09,71.97
230,hambantota,20,94,80.6,3.36,LK,1553307000,81.12,6.12
231,yanggu,100,99,54.68,2.73,CN,1553310275,116.32,25.39
232,golden,8,38,36,5.01,CA,1553310095,-116.96,51.3
233,palabuhanratu,,,,,,,,
234,cabo san lucas,5,60,70,5.41,MX,1553309723,-109.91,22.89
235,provideniya,92,100,15.62,13.02,RU,1553309544,-173.23,64.42
236,semey,0,77,32,2.24,KZ,1553308200,80.25,50.41
237,husavik,0,73,33.01,10,CA,1553309452,-96.99,50.56
238,broome,24,93,48,4.7,GB,1553310272,1.45,52.47
239,pangai,20,61,82.4,10.29,TO,1553306400,-174.35,-19.8
240,kemin,12,71,25.97,1.95,KG,1553310277,75.7,42.79
241,gacheta,75,93,55.4,2.24,CO,1553306400,-73.64,4.82
242,tuatapere,48,70,67.28,4.52,NZ,1553310277,167.69,-46.13
243,victor harbor,75,68,77,10.29,AU,1553309664,138.62,-35.55
244,tongchuan,0,32,51.8,6.71,CN,1553306400,108.95,34.9
245,thio,20,58,87.8,5.82,NC,1553308200,166.22,-21.61
246,hamilton,75,82,66.2,17.22,BM,1553309919,-64.78,32.3
247,belle fourche,90,70,46.4,5.82,US,1553310033,-103.85,44.67
248,shimoda,75,75,55.4,19.46,JP,1553308974,138.93,34.7
249,victoria,75,74,87.8,4.7,BN,1553306400,115.24,5.28
250,hithadhoo,48,98,86.09,5.3,MV,1553309794,73.08,-0.6
251,broken hill,24,21,91.4,6.93,AU,1553306400,141.45,-31.97
252,lasa,20,71,51.8,8.05,CY,1553309185,32.53,34.92
253,lata,20,55,45.05,2.17,IN,1553310279,78.62,30.78
254,kalmunai,0,84,82.94,4.18,LK,1553310280,81.82,7.42
255,bluff,0,50,90.32,8.21,AU,1553310280,149.07,-23.58
256,kolpashevo,64,91,26.15,3.51,RU,1553310280,82.9,58.31
257,souris,90,100,44.01,13.87,CA,1553310167,-62.25,46.36
258,hailun,0,57,24.17,14.7,CN,1553310281,126.97,47.46
259,andenes,,,,,,,,
260,camacha,40,59,60.8,11.41,PT,1553308200,-16.33,33.08
261,pitimbu,20,88,80.6,3.36,BR,1553306400,-34.81,-7.47
262,cabra,0,87,43,2.24,ES,1553310118,-4.43,37.47
263,rakiv lis,0,63,27.86,6.31,UA,1553310282,24.92,51.62
264,klaksvik,48,59,37.4,40.26,FO,1553309400,-6.59,62.23
265,esperance,40,88,80.01,5.82,TT,1553310063,-61.45,10.24
266,ixtapa,5,88,75.2,6.93,MX,1553310032,-105.21,20.71
267,borujan,,,,,,,,
268,bandarbeyla,56,100,77.9,7.31,SO,1553310283,50.81,9.49
269,aksum,0,87,48.56,2.62,ET,1553310284,38.72,14.12
270,half moon bay,90,93,57.2,17.22,US,1553309506,-122.43,37.46
271,crestview,1,66,59,5.41,US,1553310004,-86.57,30.76
272,lixourion,0,42,55.99,8.77,GR,1553310036,20.43,38.2
273,nishihara,75,70,48.99,8.05,JP,1553310236,139.53,35.74
274,nemuro,40,46,28.4,11.41,JP,1553306400,145.57,43.32
275,jacareacanga,80,92,76.55,2.73,BR,1553309694,-57.76,-6.22
276,tres arroyos,0,65,60.98,12.57,AR,1553310286,-60.28,-38.38
277,kyabram,8,40,79,9.66,AU,1553309986,145.05,-36.31
278,mushie,80,89,75.2,4.97,CD,1553310286,16.92,-3.02
279,abha,0,51,60.8,6.93,SA,1553306400,42.5,18.22
280,helong,100,100,52.25,3.62,CN,1553310287,116.13,25.94
281,kismayo,,,,,,,,
282,kisangani,76,100,71.33,2.39,CD,1553310287,25.21,0.52
283,anaco,0,37,80.24,13.69,VE,1553310287,-64.46,9.43
284,zalantun,0,33,32.63,5.75,CN,1553310288,122.72,48
285,jinxiang,0,35,55.13,16.71,CN,1553310288,116.31,35.07
286,puerto cabezas,44,91,79.07,18.39,NI,1553310288,-83.39,14.04
287,ottawa,90,74,28.4,26.4,CA,1553310061,-75.69,45.42
288,buraydah,20,72,62.6,3.36,SA,1553306400,43.97,26.33
289,pangoa,92,96,66.38,1.39,PE,1553310289,-73,-12.12
290,bolungarvik,,,,,,,,
291,hami,0,53,43.7,5.19,CN,1553310289,93.51,42.84
292,wadhwan,,,,,,,,
293,louisbourg,,,,,,,,
294,sovetskiy,36,74,16.97,5.97,RU,1553310290,48.47,56.76
295,vidim,0,86,46,2.24,CZ,1553310202,14.53,50.47
296,constitucion,40,17,66.2,19.46,MX,1553305620,-104.67,23.99
297,balkhash,8,91,32.27,6.98,KZ,1553310290,74.98,46.84
298,kashi,,,,,,,,
299,sedelnikovo,,,,,,,,
300,egvekinot,64,77,3.65,14.25,RU,1553310204,-179.17,66.32
301,kahului,40,51,82.4,23.04,US,1553310065,-156.47,20.89
302,clyde river,90,75,-18.41,5.82,CA,1553306580,-68.59,70.47
303,katobu,0,91,85.01,3.96,ID,1553310291,122.53,-4.94
304,kaiyuan,0,93,30.83,10.67,CN,1553310292,124.04,42.54
305,rungata,,,,,,,,
306,emerald,40,49,89.6,12.75,AU,1553309782,148.16,-23.53
307,tubbergen,0,93,46,4.7,NL,1553310274,6.78,52.41
308,magadan,64,95,27.95,28.79,RU,1553310293,150.8,59.56
309,saldanha,0,81,30.92,2.73,PT,1553309727,-6.55,41.42
310,baiyin,0,17,37.4,4.47,CN,1553306400,104.13,36.55
311,surt,92,100,58.28,4.97,LY,1553310294,16.59,31.21
312,east london,92,100,73.67,20.29,ZA,1553310069,27.91,-33.02
313,yomitan,,,,,,,,
314,tessalit,92,16,66.38,9.44,ML,1553310294,1.01,20.2
315,dicabisagan,0,86,80.6,4.41,PH,1553310294,122.42,17.08
316,luderitz,0,92,57.11,7.87,NA,1553310295,15.16,-26.65
317,natal,75,83,82.4,3.36,BR,1553306400,-35.21,-5.81
318,moerai,88,99,79.7,13.02,PF,1553309728,-151.33,-22.43
319,mayo,40,30,57.2,8.05,CA,1553306400,-135.9,63.59
320,morshansk,92,94,31.19,12.68,RU,1553310295,41.81,53.44
321,coquimbo,90,87,57.2,3.36,CL,1553306400,-71.34,-29.95
322,north battleford,1,68,39,6.93,CA,1553309332,-108.3,52.78
323,timra,88,70,43,11.41,SE,1553310003,17.33,62.49
324,vila velha,40,83,81,4.7,BR,1553310000,-38.6,-3.71
325,salisbury,92,93,48.99,4.7,GB,1553310268,-1.8,51.07
326,khairagarh,0,32,80.51,6.64,IN,1553310296,80.98,21.42
327,buritizeiro,100,85,72.5,4.74,BR,1553310297,-44.96,-17.37
328,christchurch,0,72,70,11.41,NZ,1553310185,172.64,-43.53
329,nicoya,0,42,82.4,24.16,CR,1553306400,-85.45,10.15
330,asau,,,,,,,,
331,caraballeda,75,69,78.8,3.36,VE,1553310017,-66.85,10.61
332,mount isa,75,45,87.8,16.11,AU,1553308200,139.49,-20.73
333,meyungs,,,,,,,,
334,rocha,56,92,56.12,2.95,UY,1553310298,-54.34,-34.48
335,faanui,56,100,85.1,6.98,PF,1553310298,-151.75,-16.48
336,khuzhir,12,68,32.63,7.99,RU,1553310299,107.35,53.19
337,dekoa,,,,,,,,
338,geraldton,5,57,17.6,2.24,CA,1553306400,-86.95,49.72
339,mina,12,54,86.72,10.45,PH,1553310299,122.57,10.93
340,shar,8,89,75.65,8.66,NG,1553310299,8.73,7.3
341,jinxi,20,80,55.13,8.77,CN,1553310300,116.75,27.92
342,ploemeur,12,93,44.6,4.7,FR,1553310279,-3.43,47.73
343,saint-augustin,0,87,44.01,2.62,FR,1553310190,-0.61,44.83
344,shieli,0,83,43.61,2.84,KZ,1553310300,66.74,44.18
345,sakyla,8,69,39.2,11.41,FI,1553310086,22.33,61.03
346,xique-xique,88,100,70.43,2.95,BR,1553310301,-42.73,-10.82
347,marcona,,,,,,,,
348,hinton,0,72,36.23,2.39,CA,1553310217,-117.57,53.4
349,jutai,88,97,74.39,2.51,BR,1553310302,-47.89,-1.71
350,kalanguy,12,54,25.16,11.01,RU,1553310302,116.52,51.01
351,narrabri,0,33,91.4,19.46,AU,1553306400,149.78,-30.33
352,tadine,92,95,80.24,15.7,NC,1553310303,167.88,-21.55
353,berlevag,68,100,31.37,21.74,NO,1553310303,29.09,70.86
354,catalao,88,97,66.92,5.86,BR,1553310303,-47.95,-18.17
355,orlik,20,62,22.37,4.97,RU,1553310303,99.83,52.51
356,upernavik,20,100,-13.91,6.64,GL,1553309785,-56.15,72.79
357,san miguel,0,77,68,7.2,AR,1553310301,-58.72,-34.54
358,necochea,0,75,57.99,1.99,AR,1553309790,-58.74,-38.55
359,puerto madryn,36,69,65.3,18.61,AR,1553310291,-65.04,-42.77
360,manadhoo,20,96,85.28,7.09,MV,1553310307,73.38,5.77
361,ocean city,1,76,60.8,5.41,US,1553310023,-86.61,30.44
362,bathsheba,40,74,78.8,21.92,BB,1553306400,-59.52,13.22
363,tortosa,0,70,51.01,5.82,ES,1553310253,0.52,40.81
364,nago,0,70,51.01,3.36,IT,1553310304,10.89,45.88
365,daura,8,27,73.22,9.1,NG,1553310308,8.32,13.04
366,mindelo,0,81,55,2.24,PT,1553310262,-8.72,41.31
367,port keats,8,68,92.84,18.72,AU,1553310308,129.55,-14.25
368,iskateley,76,85,23.9,9.44,RU,1553310308,53.15,67.68
369,kavieng,8,100,82.4,7.87,PG,1553310309,150.8,-2.57
370,westpunt,,,,,,,,
371,keetmanshoop,0,33,62.6,3.51,NA,1553310309,18.15,-26.57
372,maniitsoq,0,100,-12.02,8.99,GL,1553310309,-52.9,65.42
373,oga,12,77,76.55,12.01,NG,1553310310,5.65,8.18
374,moyale,0,50,64.13,5.75,ET,1553310310,39.05,3.52
375,bac lieu,,,,,,,,
376,nguiu,,,,,,,,
377,wewak,36,73,85.73,2.51,PG,1553309746,143.63,-3.55
378,ayoquezco,,,,,,,,
379,ostrovnoy,64,83,20.66,19.06,RU,1553310311,39.51,68.05
380,meiganga,36,86,66.65,1.61,CM,1553310311,14.29,6.52
381,panzhihua,0,42,66.99,4.41,CN,1553310219,101.72,26.59
382,zyryanovsk,0,62,32.63,3.4,KZ,1553310312,84.27,49.74
383,fort nelson,40,34,53.6,3.36,CA,1553306400,-122.69,58.81
384,talara,12,73,74.93,4.97,PE,1553310312,-81.27,-4.58
385,redlands,1,60,62.6,2.62,US,1553310188,-117.19,34.06
386,kodinar,0,48,74.93,6.53,IN,1553309713,70.7,20.79
387,tchamba,24,83,74.03,6.87,TG,1553310313,1.42,9.03
388,lavrentiya,92,100,15.8,19.06,RU,1553310313,-170.99,65.58
389,kamenskoye,,,,,,,,
390,rock sound,0,100,73.94,9.78,BS,1553310313,-76.2,24.9
391,bebedouro,88,80,70.34,10.78,BR,1553310313,-48.48,-20.95
392,kruisfontein,32,86,64.85,8.43,ZA,1553310314,24.73,-34
393,dingle,12,54,86.72,10.45,PH,1553310314,122.67,11
394,komsomolskiy,88,82,18.59,2.95,RU,1553310314,63.78,67.55
395,tamandare,48,96,72.95,1.72,BR,1553310314,-70.75,-8.28
396,kathu,8,67,60.01,3.96,ZA,1553310032,23.05,-27.7
397,tari,0,23,78.17,11.45,NG,1553310315,4.49,12.41
398,vostok,56,43,21.02,4.74,RU,1553310315,135.83,46.45
399,khash,92,76,50.54,9.22,IR,1553310315,61.21,28.22
400,nguruka,68,97,65.93,3.18,TZ,1553310316,31.04,-5.11
401,warqla,,,,,,,,
402,el zulia,40,74,80.6,2.24,CO,1553306400,-72.6,7.93
403,kieta,56,94,83.21,3.96,PG,1553310316,155.63,-6.22
404,pimentel,92,98,72.95,3.96,BR,1553310317,-45.5,-3.7
405,ust-omchug,68,72,16.7,6.76,RU,1553310317,149.63,61.13
406,la orilla,32,100,73.85,3.74,MX,1553310317,-102.23,18
407,tayoltita,0,37,64.49,1.61,MX,1553310317,-105.93,24.11
408,kuruman,0,67,60.01,3.18,ZA,1553310032,23.43,-27.46
409,petropavlovsk-kamchatskiy,40,59,33.8,13.42,RU,1553308200,158.65,53.05
410,san cristobal,40,87,57.2,2.24,EC,1553310057,-78.55,-0.39
411,rafai,56,85,70.25,2.62,CF,1553310319,23.92,4.95
412,pisco,0,83,69.8,14.99,PE,1553306400,-76.2,-13.71
413,baranchinskiy,48,93,31.37,3.62,RU,1553310319,59.7,58.16
414,byron bay,0,49,91.99,9.17,AU,1553310027,153.62,-28.65
415,inhambane,8,100,74.57,8.77,MZ,1553310320,35.38,-23.87
416,nalut,0,90,39.47,2.73,LY,1553310320,10.98,31.86
417,punta alta,0,72,68,4.7,AR,1553306400,-55.82,-27.46
418,tulum,40,64,75.2,5.82,MX,1553310023,-87.46,20.21
419,kasiri,36,86,80.33,12.35,SL,1553310321,-13.11,8.94
420,les cayes,0,100,77,7.2,HT,1553310321,-73.75,18.19
421,luena,76,74,66.65,1.95,AO,1553310321,19.91,-11.78
422,vorotynets,80,94,24.17,8.43,RU,1553310321,45.86,56.06
423,weston,90,69,44.01,16.11,US,1553310320,-73.38,41.2
424,eruwa,0,88,77,6.93,NG,1553306400,3.42,7.53
425,nabire,32,80,79.52,2.73,ID,1553310322,135.5,-3.36
426,ponta delgada,75,87,59,6.93,PT,1553310053,-25.67,37.73
427,laguna,5,52,64.4,5.82,MX,1553305920,-110.01,27.52
428,labuhan,56,77,84.83,2.84,ID,1553310323,115.51,-2.54
429,hirara,75,82,66.2,12.75,JP,1553306400,125.28,24.8
430,toungoo,,,,,,,,
431,henties bay,0,91,61,5.99,NA,1553310129,14.28,-22.12
432,haines junction,24,60,40.37,2.06,CA,1553310274,-137.51,60.75
433,marienburg,0,93,48,2.24,DE,1553310222,9.98,52.12
434,narsaq,44,79,28.4,3.36,GL,1553305800,-46.05,60.91
435,micheweni,92,100,81.32,6.76,TZ,1553310324,39.83,-4.97
436,cuamba,32,96,65.75,3.51,MZ,1553310325,36.54,-14.8
437,celestun,0,100,75.29,18.16,MX,1553310325,-90.4,20.87
438,carutapera,92,91,78.71,6.08,BR,1553310325,-46.02,-1.2
439,bixby,1,43,60.8,9.1,US,1553310242,-95.88,35.94
440,port-cartier,90,91,34,9.17,CA,1553310005,-66.88,50.03
441,jujuy,,,,,,,,
442,aksarayskiy,0,86,30.2,6.71,RU,1553308200,48.01,46.79
443,saucillo,0,12,61.7,7.87,MX,1553310326,-105.29,28.03
444,columbus,1,45,59,3.36,US,1553310041,-84.99,32.46
445,rio grande,64,100,63.59,7.87,BR,1553310327,-52.1,-32.03
446,coos bay,90,87,52,4.7,US,1553310108,-124.22,43.37
447,watrous,0,76,38.48,9.22,CA,1553310327,-105.46,51.67
448,sterling,1,65,42.01,11.41,US,1553310323,-77.4,39
449,gornyy,92,97,28.4,5.08,RU,1553310328,48.54,51.76
450,fillmore,1,67,60.8,5.82,US,1553310189,-118.91,34.4
451,road town,1,78,77,6.93,VG,1553310211,-64.62,18.42
452,ardakan,40,36,46.4,4.7,IR,1553308200,54.02,32.31
453,lakes entrance,76,83,71.01,4.52,AU,1553310130,147.99,-37.88
454,ningbo,40,58,53.6,6.71,CN,1553306400,121.54,29.88
455,dongying,0,52,47.75,15.82,CN,1553310330,118.67,37.43
456,san carlos,8,58,81.32,9.55,VE,1553310331,-68.59,9.66
457,rio gallegos,90,87,51.8,4.7,AR,1553306400,-69.22,-51.62
458,hobyo,88,88,78.89,12.01,SO,1553310331,48.53,5.35
459,xifeng,0,77,29.3,8.99,CN,1553310331,124.72,42.73
460,north bend,90,87,52,4.7,US,1553310108,-124.22,43.41
461,taltal,0,97,57.29,1.05,CL,1553310332,-70.49,-25.41
462,doha,0,78,71.6,12.75,QA,1553306400,51.53,25.29
463,marawi,0,76,81,7,PH,1553310003,124.29,8
464,turkistan,,,,,,,,
465,carbonia,40,87,50,5.82,IT,1553306100,8.53,39.17
466,astipalaia,,,,,,,,
467,pachperwa,0,30,74.03,3.4,IN,1553310333,82.65,27.52
468,cabinda,80,100,77.18,4.85,AO,1553310333,12.19,-5.56
469,banda aceh,12,70,85.91,2.73,ID,1553310333,95.32,5.56
470,dusnok,0,80,36.41,2.84,HU,1553310333,18.96,46.39
471,maragogi,8,94,77.9,7.54,BR,1553310209,-35.22,-9.01
472,porto nacional,20,88,77,4.7,BR,1553306400,-48.41,-10.7
473,sao jose da coroa grande,8,94,77.9,7.54,BR,1553310334,-35.15,-8.9
474,linxia,36,56,34.7,3.18,CN,1553310334,103.21,35.6
475,lodja,56,98,69.62,2.95,CD,1553310335,23.6,-3.52
476,pilar,0,77,68,6.98,AR,1553310035,-58.91,-34.46
477,iquique,0,64,69.8,9.17,CL,1553306400,-70.14,-20.22
478,shelton,90,93,55,11.41,US,1553310077,-123.1,47.22
479,rostovka,90,100,23,3.06,RU,1553308200,73.58,55.02
480,trairi,48,100,80.96,6.31,BR,1553310336,-39.27,-3.28
481,muisne,48,90,72.05,2.73,EC,1553310336,-80.02,0.61
482,olinda,75,74,84.2,8.05,EC,1553310294,-79.75,-2.03
483,ossora,80,96,26.15,15.48,RU,1553310337,163.07,59.24
484,xai-xai,56,100,75.02,8.32,MZ,1553310337,33.64,-25.04
485,severo-kurilsk,88,95,32.18,9.33,RU,1553310337,156.12,50.68
486,krasnyy kut,32,80,36.41,12.01,RU,1553310338,40.67,47.1
487,leh,36,78,-6.53,1.95,IN,1553310273,77.58,34.16
488,karratha,92,63,86.72,31.59,AU,1553310294,116.85,-20.74
489,rochester,1,80,37.4,2.39,US,1553310076,-92.46,44.02
490,ferlach,0,86,42.01,3.36,AT,1553310261,14.3,46.53
491,gizo,75,93,55.4,3.36,IL,1553310325,34.94,31.8
492,ayan,0,77,19.49,2.39,TR,1553310339,33.6,40.67
493,kudahuvadhoo,0,99,84.74,9.44,MV,1553310339,72.89,2.67
494,zyryanka,24,61,19.76,8.66,RU,1553310339,150.89,65.73
495,santa vitoria do palmar,36,89,62.15,7.09,BR,1553310340,-53.37,-33.52
496,ola,48,97,27.5,27.89,RU,1553310340,151.3,59.58
497,dunedin,48,77,63,10,NZ,1553310148,170.5,-45.87
498,marquette,1,85,24.8,4.7,US,1553310180,-87.4,46.54
499,chifeng,0,82,27.5,9.89,CN,1553310341,118.96,42.27
500,bunia,0,81,61.16,2.73,CD,1553310341,30.25,1.56
501,kasane,0,48,72.05,13.47,BW,1553310341,25.16,-17.8
502,norman wells,90,73,24.8,2.24,CA,1553306400,-126.83,65.28
503,semme,0,67,53.6,5.82,FR,1553310313,1.5,46.2
504,fort beaufort,88,93,55.67,1.61,ZA,1553310342,26.63,-32.78
505,skalistyy,,,,,,,,
506,bilibino,0,67,9.23,3.18,RU,1553310342,166.44,68.06
507,banjar,80,87,79.25,3.74,ID,1553310077,108.54,-7.37
508,mineral wells,1,42,69.01,9.17,US,1553310341,-98.11,32.81
509,airai,8,57,84.56,2.62,TL,1553310343,125.41,-8.93
510,selikhino,0,76,17.78,4.52,RU,1553310343,137.51,50.37
511,saint pete beach,1,62,64.4,10,US,1553310339,-82.74,27.73
512,faro,0,71,57.2,11.41,PT,1553310080,-7.94,37.02
513,folldal,0,75,29.21,12.68,NO,1553310344,10,62.14
514,bosaso,12,100,74.93,10.22,SO,1553310344,49.18,11.28
515,santa flavia,92,97,47.12,2.73,CL,1553310344,-72.35,-51.55
516,sioux lookout,20,58,32,3.36,CA,1553306400,-91.92,50.1
517,bam,12,77,41.18,2.95,IR,1553310345,58.36,29.11
518,blackwater,44,93,48.99,1.12,GB,1553310317,-0.78,51.33
519,noumea,20,58,87.8,5.82,NC,1553308200,166.46,-22.28
520,pavlovka,44,88,24.44,2.39,RU,1553310346,47.13,52.69
521,ochakiv,0,51,39.2,11.18,UA,1553308200,31.55,46.61
522,suntar,76,81,25.07,3.74,RU,1553310346,117.65,62.16
523,inta,88,90,27.86,6.42,RU,1553310347,60.13,66.04
524,aasiaat,12,100,-8.6,2.73,GL,1553310347,-52.87,68.71
525,salinopolis,92,96,81.05,11.9,BR,1553310347,-47.36,-0.61
526,najran,0,28,69.8,2.24,SA,1553306400,44.22,17.54
527,tura,36,81,69.08,4.29,IN,1553310348,90.21,25.52
528,kholtoson,0,44,33.62,5.53,RU,1553310348,103.31,50.3
529,kattivakkam,40,83,84.2,5.82,IN,1553308444,80.32,13.22
530,khunti,0,46,71.6,3.36,IN,1553308200,85.28,23.08
531,marzuq,0,72,45.05,2.39,YE,1553310349,46.47,14.4
532,pakxan,20,57,83.93,2.62,LA,1553310349,103.66,18.39
533,lompoc,1,71,57.99,4.7,US,1553310199,-120.46,34.64
534,shahrud,8,67,13.73,2.73,IR,1553310349,54.97,36.42
535,tabiauea,,,,,,,,
536,igrim,32,83,23.36,3.74,RU,1553310349,64.42,63.19
537,pingdingshan,12,36,54.95,18.5,CN,1553310350,113.3,33.74
538,kadiri,0,45,85.19,4.52,IN,1553310350,78.16,14.11
539,trelew,56,53,61.52,10,AR,1553310350,-65.31,-43.25
540,south bend,1,80,33.01,10.29,US,1553310288,-86.25,41.68
541,grand-lahou,8,93,78.17,4.63,CI,1553310350,-5,5.24
542,hofn,44,100,36.68,25.43,IS,1553310351,-15.21,64.25
543,junction city,1,41,57.2,8.05,US,1553310201,-96.83,39.03
544,tungkang,,,,,,,,
545,coahuayana,48,43,69.44,4.07,MX,1553310351,-100.35,18.62
546,iki-burul,92,86,41,20.13,RU,1553308200,44.65,45.82
547,valley city,1,100,24.8,4.7,US,1553308500,-98,46.92
548,teneguiban,,,,,,,,
549,saint anthony,90,97,41,5.82,US,1553310323,-111.68,43.97
550,beira,0,93,50,3.36,ES,1553310348,-8.36,43.2
551,coihaique,0,93,51.8,6.93,CL,1553306400,-72.07,-45.58
552,taoudenni,44,21,68.72,11.68,ML,1553310353,-3.98,22.68
553,tucuma,,,,,,,,
554,waddan,24,95,49.64,8.21,LY,1553310353,16.14,29.16
555,port blair,20,78,82.4,6.93,IN,1553306400,92.75,11.67
556,quatre cocos,75,88,80.6,5.82,MU,1553310240,57.76,-20.21
557,namibe,0,100,77.72,4.41,AO,1553310354,12.15,-15.19
558,reserva,20,86,64.76,2.95,BR,1553310108,-50.85,-24.65
559,champerico,40,69,73.4,19.46,MX,1553305200,-93.6,16.38
560,saint-pierre,0,80,39.2,3.36,FR,1553310125,4.24,48.95
561,tambacounda,76,31,77.27,9.44,SN,1553310356,-13.67,13.77
562,antibes,0,34,57.99,16.11,FR,1553310331,7.11,43.58
563,huadian,24,74,30.2,6.98,CN,1553310356,126.75,42.97
564,amderma,,,,,,,,
565,zelenoborskiy,88,74,24.98,11.79,RU,1553310357,32.36,66.84
566,la ronge,5,75,41,2.84,CA,1553306400,-105.3,55.1
567,conceicao do mato dentro,92,97,66.74,4.52,BR,1553310171,-43.42,-19.04
568,isangel,75,74,87.8,9.17,VU,1553306400,169.27,-19.55
569,puerto escondido,40,74,78.8,5.82,MX,1553305260,-97.07,15.86
570,hasaki,75,93,42.8,5.82,JP,1553310142,140.83,35.73
571,berja,40,58,55.4,5.82,ES,1553310058,-2.95,36.85
572,takoradi,36,100,81.05,6.31,GH,1553310358,-1.75,4.89
573,uryupinsk,92,90,33.01,5.01,RU,1553310202,42.01,50.8
574,pochutla,40,74,78.8,5.82,MX,1553309161,-96.47,15.74
575,shchelyayur,,,,,,,,
576,sambava,68,100,81.23,12.8,MG,1553310359,50.17,-14.27
577,shambu,8,91,47.66,2.62,ET,1553310359,37.1,9.57
578,songea,92,98,64.85,2.17,TZ,1553310359,35.65,-10.68
579,batamshinskiy,40,92,24.8,2.24,KZ,1553306400,58.27,50.56
580,bowen,75,83,84,12.75,AU,1553310329,148.25,-20.01
581,caravelas,100,100,79.43,20.29,BR,1553310360,-39.27,-17.73
582,abu dhabi,44,54,78.8,17.22,AE,1553306400,54.37,24.47
583,saint-raymond,20,74,37.4,12.75,CA,1553310348,-71.84,46.89
584,guiratinga,76,82,75.02,1.61,BR,1553310361,-53.76,-16.35
585,alice springs,0,16,100.4,20.8,AU,1553308200,133.88,-23.7
586,nampula,75,94,75.2,3.36,MZ,1553306400,39.26,-15.12
587,nassjo,92,100,44.01,17.22,SE,1553310305,14.7,57.65
588,south venice,1,55,64.4,5.82,US,1553310323,-82.42,27.05
589,villa carlos paz,0,87,64,8.05,AR,1553310055,-64.5,-31.42
590,svetlyy,,,,,,,,
591,irtyshskiy,76,89,30.65,2.95,RU,1553310362,68.13,58.33
592,senanga,0,40,71.33,8.88,ZM,1553310363,23.3,-16.1
593,along,92,96,54.32,1.95,IN,1553310363,94.8,28.17
594,kiama,64,65,81,4.7,AU,1553310312,150.86,-34.67
595,bo rai,20,70,93.99,2.24,TH,1553310286,102.54,12.57
596,fairbanks,75,48,52,8.05,US,1553310027,-147.72,64.84
597,udachnyy,44,56,1.58,7.99,RU,1553310364,112.4,66.42
598,picos,92,97,73.49,3.4,BR,1553310364,-41.47,-7.08
599,gidole,0,52,66.11,3.18,ET,1553310364,37.37,5.65
600,yudong,0,49,48.2,5.82,KR,1553306400,126.9,35.16
601,khonuu,,,,,,,,
602,lagoa,0,71,57.2,11.41,PT,1553310130,-8.45,37.14
603,aksu,0,92,30.2,6.71,KZ,1553308200,76.93,52.04
604,bandar-e anzali,40,93,48.2,1.95,IR,1553308200,49.46,37.47
605,tiznit,0,85,56.12,2.62,MA,1553310328,-9.73,29.7
606,macae,0,88,73.4,1.12,BR,1553306400,-41.79,-22.37
607,sri aman,75,79,84.2,2.24,MY,1553306400,111.46,1.24
608,oudtshoorn,75,93,59,2.24,ZA,1553307240,22.2,-33.59
609,houma,32,43,49.64,2.28,CN,1553310275,111.36,35.63
610,bereznehuvate,24,75,32.72,12.01,UA,1553310367,32.85,47.31
611,garowe,92,92,68,6.76,SO,1553310368,48.48,8.41
